Image,Tag
03-01-01-01-01-01-01.jpg,neutral
03-01-01-01-01-01-02.jpg,neutral
03-01-01-01-01-01-03.jpg,neutral
03-01-01-01-01-01-04.jpg,neutral
03-01-01-01-01-01-05.jpg,neutral
03-01-01-01-01-01-06.jpg,neutral
03-01-01-01-01-01-07.jpg,neutral
03-01-01-01-01-01-08.jpg,neutral
03-01-01-01-01-01-09.jpg,neutral
03-01-01-01-01-01-10.jpg,neutral
03-01-01-01-01-01-11.jpg,neutral
03-01-01-01-01-01-12.jpg,neutral
03-01-01-01-01-01-13.jpg,neutral
03-01-01-01-01-01-14.jpg,neutral
03-01-01-01-01-01-15.jpg,neutral
03-01-01-01-01-01-16.jpg,neutral
03-01-01-01-01-01-17.jpg,neutral
03-01-01-01-01-01-18.jpg,neutral
03-01-01-01-01-01-19.jpg,neutral
03-01-01-01-01-01-20.jpg,neutral
03-01-01-01-01-01-21.jpg,neutral
03-01-01-01-01-01-22.jpg,neutral
03-01-01-01-01-01-23.jpg,neutral
03-01-01-01-01-01-24.jpg,neutral
03-01-01-01-01-02-01.jpg,neutral
03-01-01-01-01-02-02.jpg,neutral
03-01-01-01-01-02-03.jpg,neutral
03-01-01-01-01-02-04.jpg,neutral
03-01-01-01-01-02-05.jpg,neutral
03-01-01-01-01-02-06.jpg,neutral
03-01-01-01-01-02-07.jpg,neutral
03-01-01-01-01-02-08.jpg,neutral
03-01-01-01-01-02-09.jpg,neutral
03-01-01-01-01-02-10.jpg,neutral
03-01-01-01-01-02-11.jpg,neutral
03-01-01-01-01-02-12.jpg,neutral
03-01-01-01-01-02-13.jpg,neutral
03-01-01-01-01-02-14.jpg,neutral
03-01-01-01-01-02-15.jpg,neutral
03-01-01-01-01-02-16.jpg,neutral
03-01-01-01-01-02-17.jpg,neutral
03-01-01-01-01-02-18.jpg,neutral
03-01-01-01-01-02-19.jpg,neutral
03-01-01-01-01-02-20.jpg,neutral
03-01-01-01-01-02-21.jpg,neutral
03-01-01-01-01-02-22.jpg,neutral
03-01-01-01-01-02-23.jpg,neutral
03-01-01-01-01-02-24.jpg,neutral
03-01-01-01-02-01-01.jpg,neutral
03-01-01-01-02-01-02.jpg,neutral
03-01-01-01-02-01-03.jpg,neutral
03-01-01-01-02-01-04.jpg,neutral
03-01-01-01-02-01-05.jpg,neutral
03-01-01-01-02-01-06.jpg,neutral
03-01-01-01-02-01-07.jpg,neutral
03-01-01-01-02-01-08.jpg,neutral
03-01-01-01-02-01-09.jpg,neutral
03-01-01-01-02-01-10.jpg,neutral
03-01-01-01-02-01-11.jpg,neutral
03-01-01-01-02-01-12.jpg,neutral
03-01-01-01-02-01-13.jpg,neutral
03-01-01-01-02-01-14.jpg,neutral
03-01-01-01-02-01-15.jpg,neutral
03-01-01-01-02-01-16.jpg,neutral
03-01-01-01-02-01-17.jpg,neutral
03-01-01-01-02-01-18.jpg,neutral
03-01-01-01-02-01-19.jpg,neutral
03-01-01-01-02-01-20.jpg,neutral
03-01-01-01-02-01-21.jpg,neutral
03-01-01-01-02-01-22.jpg,neutral
03-01-01-01-02-01-23.jpg,neutral
03-01-01-01-02-01-24.jpg,neutral
03-01-01-01-02-02-01.jpg,neutral
03-01-01-01-02-02-02.jpg,neutral
03-01-01-01-02-02-03.jpg,neutral
03-01-01-01-02-02-04.jpg,neutral
03-01-01-01-02-02-05.jpg,neutral
03-01-01-01-02-02-06.jpg,neutral
03-01-01-01-02-02-07.jpg,neutral
03-01-01-01-02-02-08.jpg,neutral
03-01-01-01-02-02-09.jpg,neutral
03-01-01-01-02-02-10.jpg,neutral
03-01-01-01-02-02-11.jpg,neutral
03-01-01-01-02-02-12.jpg,neutral
03-01-01-01-02-02-13.jpg,neutral
03-01-01-01-02-02-14.jpg,neutral
03-01-01-01-02-02-15.jpg,neutral
03-01-01-01-02-02-16.jpg,neutral
03-01-01-01-02-02-17.jpg,neutral
03-01-01-01-02-02-18.jpg,neutral
03-01-01-01-02-02-19.jpg,neutral
03-01-01-01-02-02-20.jpg,neutral
03-01-01-01-02-02-21.jpg,neutral
03-01-01-01-02-02-22.jpg,neutral
03-01-01-01-02-02-23.jpg,neutral
03-01-01-01-02-02-24.jpg,neutral
03-01-02-01-01-01-01.jpg,calm
03-01-02-01-01-01-02.jpg,calm
03-01-02-01-01-01-03.jpg,calm
03-01-02-01-01-01-04.jpg,calm
03-01-02-01-01-01-05.jpg,calm
03-01-02-01-01-01-06.jpg,calm
03-01-02-01-01-01-07.jpg,calm
03-01-02-01-01-01-08.jpg,calm
03-01-02-01-01-01-09.jpg,calm
03-01-02-01-01-01-10.jpg,calm
03-01-02-01-01-01-11.jpg,calm
03-01-02-01-01-01-12.jpg,calm
03-01-02-01-01-01-13.jpg,calm
03-01-02-01-01-01-14.jpg,calm
03-01-02-01-01-01-15.jpg,calm
03-01-02-01-01-01-16.jpg,calm
03-01-02-01-01-01-17.jpg,calm
03-01-02-01-01-01-18.jpg,calm
03-01-02-01-01-01-19.jpg,calm
03-01-02-01-01-01-20.jpg,calm
03-01-02-01-01-01-21.jpg,calm
03-01-02-01-01-01-22.jpg,calm
03-01-02-01-01-01-23.jpg,calm
03-01-02-01-01-01-24.jpg,calm
03-01-02-01-01-02-01.jpg,calm
03-01-02-01-01-02-02.jpg,calm
03-01-02-01-01-02-03.jpg,calm
03-01-02-01-01-02-04.jpg,calm
03-01-02-01-01-02-05.jpg,calm
03-01-02-01-01-02-06.jpg,calm
03-01-02-01-01-02-07.jpg,calm
03-01-02-01-01-02-08.jpg,calm
03-01-02-01-01-02-09.jpg,calm
03-01-02-01-01-02-10.jpg,calm
03-01-02-01-01-02-11.jpg,calm
03-01-02-01-01-02-12.jpg,calm
03-01-02-01-01-02-13.jpg,calm
03-01-02-01-01-02-14.jpg,calm
03-01-02-01-01-02-15.jpg,calm
03-01-02-01-01-02-16.jpg,calm
03-01-02-01-01-02-17.jpg,calm
03-01-02-01-01-02-18.jpg,calm
03-01-02-01-01-02-19.jpg,calm
03-01-02-01-01-02-20.jpg,calm
03-01-02-01-01-02-21.jpg,calm
03-01-02-01-01-02-22.jpg,calm
03-01-02-01-01-02-23.jpg,calm
03-01-02-01-01-02-24.jpg,calm
03-01-02-01-02-01-01.jpg,calm
03-01-02-01-02-01-02.jpg,calm
03-01-02-01-02-01-03.jpg,calm
03-01-02-01-02-01-04.jpg,calm
03-01-02-01-02-01-05.jpg,calm
03-01-02-01-02-01-06.jpg,calm
03-01-02-01-02-01-07.jpg,calm
03-01-02-01-02-01-08.jpg,calm
03-01-02-01-02-01-09.jpg,calm
03-01-02-01-02-01-10.jpg,calm
03-01-02-01-02-01-11.jpg,calm
03-01-02-01-02-01-12.jpg,calm
03-01-02-01-02-01-13.jpg,calm
03-01-02-01-02-01-14.jpg,calm
03-01-02-01-02-01-15.jpg,calm
03-01-02-01-02-01-16.jpg,calm
03-01-02-01-02-01-17.jpg,calm
03-01-02-01-02-01-18.jpg,calm
03-01-02-01-02-01-19.jpg,calm
03-01-02-01-02-01-20.jpg,calm
03-01-02-01-02-01-21.jpg,calm
03-01-02-01-02-01-22.jpg,calm
03-01-02-01-02-01-23.jpg,calm
03-01-02-01-02-01-24.jpg,calm
03-01-02-01-02-02-01.jpg,calm
03-01-02-01-02-02-02.jpg,calm
03-01-02-01-02-02-03.jpg,calm
03-01-02-01-02-02-04.jpg,calm
03-01-02-01-02-02-05.jpg,calm
03-01-02-01-02-02-06.jpg,calm
03-01-02-01-02-02-07.jpg,calm
03-01-02-01-02-02-08.jpg,calm
03-01-02-01-02-02-09.jpg,calm
03-01-02-01-02-02-10.jpg,calm
03-01-02-01-02-02-11.jpg,calm
03-01-02-01-02-02-12.jpg,calm
03-01-02-01-02-02-13.jpg,calm
03-01-02-01-02-02-14.jpg,calm
03-01-02-01-02-02-15.jpg,calm
03-01-02-01-02-02-16.jpg,calm
03-01-02-01-02-02-17.jpg,calm
03-01-02-01-02-02-18.jpg,calm
03-01-02-01-02-02-19.jpg,calm
03-01-02-01-02-02-20.jpg,calm
03-01-02-01-02-02-21.jpg,calm
03-01-02-01-02-02-22.jpg,calm
03-01-02-01-02-02-23.jpg,calm
03-01-02-01-02-02-24.jpg,calm
03-01-02-02-01-01-01.jpg,calm
03-01-02-02-01-01-02.jpg,calm
03-01-02-02-01-01-03.jpg,calm
03-01-02-02-01-01-04.jpg,calm
03-01-02-02-01-01-05.jpg,calm
03-01-02-02-01-01-06.jpg,calm
03-01-02-02-01-01-07.jpg,calm
03-01-02-02-01-01-08.jpg,calm
03-01-02-02-01-01-09.jpg,calm
03-01-02-02-01-01-10.jpg,calm
03-01-02-02-01-01-11.jpg,calm
03-01-02-02-01-01-12.jpg,calm
03-01-02-02-01-01-13.jpg,calm
03-01-02-02-01-01-14.jpg,calm
03-01-02-02-01-01-15.jpg,calm
03-01-02-02-01-01-16.jpg,calm
03-01-02-02-01-01-17.jpg,calm
03-01-02-02-01-01-18.jpg,calm
03-01-02-02-01-01-19.jpg,calm
03-01-02-02-01-01-20.jpg,calm
03-01-02-02-01-01-21.jpg,calm
03-01-02-02-01-01-22.jpg,calm
03-01-02-02-01-01-23.jpg,calm
03-01-02-02-01-01-24.jpg,calm
03-01-02-02-01-02-01.jpg,calm
03-01-02-02-01-02-02.jpg,calm
03-01-02-02-01-02-03.jpg,calm
03-01-02-02-01-02-04.jpg,calm
03-01-02-02-01-02-05.jpg,calm
03-01-02-02-01-02-06.jpg,calm
03-01-02-02-01-02-07.jpg,calm
03-01-02-02-01-02-08.jpg,calm
03-01-02-02-01-02-09.jpg,calm
03-01-02-02-01-02-10.jpg,calm
03-01-02-02-01-02-11.jpg,calm
03-01-02-02-01-02-12.jpg,calm
03-01-02-02-01-02-13.jpg,calm
03-01-02-02-01-02-14.jpg,calm
03-01-02-02-01-02-15.jpg,calm
03-01-02-02-01-02-16.jpg,calm
03-01-02-02-01-02-17.jpg,calm
03-01-02-02-01-02-18.jpg,calm
03-01-02-02-01-02-19.jpg,calm
03-01-02-02-01-02-20.jpg,calm
03-01-02-02-01-02-21.jpg,calm
03-01-02-02-01-02-22.jpg,calm
03-01-02-02-01-02-23.jpg,calm
03-01-02-02-01-02-24.jpg,calm
03-01-02-02-02-01-01.jpg,calm
03-01-02-02-02-01-02.jpg,calm
03-01-02-02-02-01-03.jpg,calm
03-01-02-02-02-01-04.jpg,calm
03-01-02-02-02-01-05.jpg,calm
03-01-02-02-02-01-06.jpg,calm
03-01-02-02-02-01-07.jpg,calm
03-01-02-02-02-01-08.jpg,calm
03-01-02-02-02-01-09.jpg,calm
03-01-02-02-02-01-10.jpg,calm
03-01-02-02-02-01-11.jpg,calm
03-01-02-02-02-01-12.jpg,calm
03-01-02-02-02-01-13.jpg,calm
03-01-02-02-02-01-14.jpg,calm
03-01-02-02-02-01-15.jpg,calm
03-01-02-02-02-01-16.jpg,calm
03-01-02-02-02-01-17.jpg,calm
03-01-02-02-02-01-18.jpg,calm
03-01-02-02-02-01-19.jpg,calm
03-01-02-02-02-01-20.jpg,calm
03-01-02-02-02-01-21.jpg,calm
03-01-02-02-02-01-22.jpg,calm
03-01-02-02-02-01-23.jpg,calm
03-01-02-02-02-01-24.jpg,calm
03-01-02-02-02-02-01.jpg,calm
03-01-02-02-02-02-02.jpg,calm
03-01-02-02-02-02-03.jpg,calm
03-01-02-02-02-02-04.jpg,calm
03-01-02-02-02-02-05.jpg,calm
03-01-02-02-02-02-06.jpg,calm
03-01-02-02-02-02-07.jpg,calm
03-01-02-02-02-02-08.jpg,calm
03-01-02-02-02-02-09.jpg,calm
03-01-02-02-02-02-10.jpg,calm
03-01-02-02-02-02-11.jpg,calm
03-01-02-02-02-02-12.jpg,calm
03-01-02-02-02-02-13.jpg,calm
03-01-02-02-02-02-14.jpg,calm
03-01-02-02-02-02-15.jpg,calm
03-01-02-02-02-02-16.jpg,calm
03-01-02-02-02-02-17.jpg,calm
03-01-02-02-02-02-18.jpg,calm
03-01-02-02-02-02-19.jpg,calm
03-01-02-02-02-02-20.jpg,calm
03-01-02-02-02-02-21.jpg,calm
03-01-02-02-02-02-22.jpg,calm
03-01-02-02-02-02-23.jpg,calm
03-01-02-02-02-02-24.jpg,calm
03-01-03-01-01-01-01.jpg,happy
03-01-03-01-01-01-02.jpg,happy
03-01-03-01-01-01-03.jpg,happy
03-01-03-01-01-01-04.jpg,happy
03-01-03-01-01-01-05.jpg,happy
03-01-03-01-01-01-06.jpg,happy
03-01-03-01-01-01-07.jpg,happy
03-01-03-01-01-01-08.jpg,happy
03-01-03-01-01-01-09.jpg,happy
03-01-03-01-01-01-10.jpg,happy
03-01-03-01-01-01-11.jpg,happy
03-01-03-01-01-01-12.jpg,happy
03-01-03-01-01-01-13.jpg,happy
03-01-03-01-01-01-14.jpg,happy
03-01-03-01-01-01-15.jpg,happy
03-01-03-01-01-01-16.jpg,happy
03-01-03-01-01-01-17.jpg,happy
03-01-03-01-01-01-18.jpg,happy
03-01-03-01-01-01-19.jpg,happy
03-01-03-01-01-01-20.jpg,happy
03-01-03-01-01-01-21.jpg,happy
03-01-03-01-01-01-22.jpg,happy
03-01-03-01-01-01-23.jpg,happy
03-01-03-01-01-01-24.jpg,happy
03-01-03-01-01-02-01.jpg,happy
03-01-03-01-01-02-02.jpg,happy
03-01-03-01-01-02-03.jpg,happy
03-01-03-01-01-02-04.jpg,happy
03-01-03-01-01-02-05.jpg,happy
03-01-03-01-01-02-06.jpg,happy
03-01-03-01-01-02-07.jpg,happy
03-01-03-01-01-02-08.jpg,happy
03-01-03-01-01-02-09.jpg,happy
03-01-03-01-01-02-10.jpg,happy
03-01-03-01-01-02-11.jpg,happy
03-01-03-01-01-02-12.jpg,happy
03-01-03-01-01-02-13.jpg,happy
03-01-03-01-01-02-14.jpg,happy
03-01-03-01-01-02-15.jpg,happy
03-01-03-01-01-02-16.jpg,happy
03-01-03-01-01-02-17.jpg,happy
03-01-03-01-01-02-18.jpg,happy
03-01-03-01-01-02-19.jpg,happy
03-01-03-01-01-02-20.jpg,happy
03-01-03-01-01-02-21.jpg,happy
03-01-03-01-01-02-22.jpg,happy
03-01-03-01-01-02-23.jpg,happy
03-01-03-01-01-02-24.jpg,happy
03-01-03-01-02-01-01.jpg,happy
03-01-03-01-02-01-02.jpg,happy
03-01-03-01-02-01-03.jpg,happy
03-01-03-01-02-01-04.jpg,happy
03-01-03-01-02-01-05.jpg,happy
03-01-03-01-02-01-06.jpg,happy
03-01-03-01-02-01-07.jpg,happy
03-01-03-01-02-01-08.jpg,happy
03-01-03-01-02-01-09.jpg,happy
03-01-03-01-02-01-10.jpg,happy
03-01-03-01-02-01-11.jpg,happy
03-01-03-01-02-01-12.jpg,happy
03-01-03-01-02-01-13.jpg,happy
03-01-03-01-02-01-14.jpg,happy
03-01-03-01-02-01-15.jpg,happy
03-01-03-01-02-01-16.jpg,happy
03-01-03-01-02-01-17.jpg,happy
03-01-03-01-02-01-18.jpg,happy
03-01-03-01-02-01-19.jpg,happy
03-01-03-01-02-01-20.jpg,happy
03-01-03-01-02-01-21.jpg,happy
03-01-03-01-02-01-22.jpg,happy
03-01-03-01-02-01-23.jpg,happy
03-01-03-01-02-01-24.jpg,happy
03-01-03-01-02-02-01.jpg,happy
03-01-03-01-02-02-02.jpg,happy
03-01-03-01-02-02-03.jpg,happy
03-01-03-01-02-02-04.jpg,happy
03-01-03-01-02-02-05.jpg,happy
03-01-03-01-02-02-06.jpg,happy
03-01-03-01-02-02-07.jpg,happy
03-01-03-01-02-02-08.jpg,happy
03-01-03-01-02-02-09.jpg,happy
03-01-03-01-02-02-10.jpg,happy
03-01-03-01-02-02-11.jpg,happy
03-01-03-01-02-02-12.jpg,happy
03-01-03-01-02-02-13.jpg,happy
03-01-03-01-02-02-14.jpg,happy
03-01-03-01-02-02-15.jpg,happy
03-01-03-01-02-02-16.jpg,happy
03-01-03-01-02-02-17.jpg,happy
03-01-03-01-02-02-18.jpg,happy
03-01-03-01-02-02-19.jpg,happy
03-01-03-01-02-02-20.jpg,happy
03-01-03-01-02-02-21.jpg,happy
03-01-03-01-02-02-22.jpg,happy
03-01-03-01-02-02-23.jpg,happy
03-01-03-01-02-02-24.jpg,happy
03-01-03-02-01-01-01.jpg,happy
03-01-03-02-01-01-02.jpg,happy
03-01-03-02-01-01-03.jpg,happy
03-01-03-02-01-01-04.jpg,happy
03-01-03-02-01-01-05.jpg,happy
03-01-03-02-01-01-06.jpg,happy
03-01-03-02-01-01-07.jpg,happy
03-01-03-02-01-01-08.jpg,happy
03-01-03-02-01-01-09.jpg,happy
03-01-03-02-01-01-10.jpg,happy
03-01-03-02-01-01-11.jpg,happy
03-01-03-02-01-01-12.jpg,happy
03-01-03-02-01-01-13.jpg,happy
03-01-03-02-01-01-14.jpg,happy
03-01-03-02-01-01-15.jpg,happy
03-01-03-02-01-01-16.jpg,happy
03-01-03-02-01-01-17.jpg,happy
03-01-03-02-01-01-18.jpg,happy
03-01-03-02-01-01-19.jpg,happy
03-01-03-02-01-01-20.jpg,happy
03-01-03-02-01-01-21.jpg,happy
03-01-03-02-01-01-22.jpg,happy
03-01-03-02-01-01-23.jpg,happy
03-01-03-02-01-01-24.jpg,happy
03-01-03-02-01-02-01.jpg,happy
03-01-03-02-01-02-02.jpg,happy
03-01-03-02-01-02-03.jpg,happy
03-01-03-02-01-02-04.jpg,happy
03-01-03-02-01-02-05.jpg,happy
03-01-03-02-01-02-06.jpg,happy
03-01-03-02-01-02-07.jpg,happy
03-01-03-02-01-02-08.jpg,happy
03-01-03-02-01-02-09.jpg,happy
03-01-03-02-01-02-10.jpg,happy
03-01-03-02-01-02-11.jpg,happy
03-01-03-02-01-02-12.jpg,happy
03-01-03-02-01-02-13.jpg,happy
03-01-03-02-01-02-14.jpg,happy
03-01-03-02-01-02-15.jpg,happy
03-01-03-02-01-02-16.jpg,happy
03-01-03-02-01-02-17.jpg,happy
03-01-03-02-01-02-18.jpg,happy
03-01-03-02-01-02-19.jpg,happy
03-01-03-02-01-02-20.jpg,happy
03-01-03-02-01-02-21.jpg,happy
03-01-03-02-01-02-22.jpg,happy
03-01-03-02-01-02-23.jpg,happy
03-01-03-02-01-02-24.jpg,happy
03-01-03-02-02-01-01.jpg,happy
03-01-03-02-02-01-02.jpg,happy
03-01-03-02-02-01-03.jpg,happy
03-01-03-02-02-01-04.jpg,happy
03-01-03-02-02-01-05.jpg,happy
03-01-03-02-02-01-06.jpg,happy
03-01-03-02-02-01-07.jpg,happy
03-01-03-02-02-01-08.jpg,happy
03-01-03-02-02-01-09.jpg,happy
03-01-03-02-02-01-10.jpg,happy
03-01-03-02-02-01-11.jpg,happy
03-01-03-02-02-01-12.jpg,happy
03-01-03-02-02-01-13.jpg,happy
03-01-03-02-02-01-14.jpg,happy
03-01-03-02-02-01-15.jpg,happy
03-01-03-02-02-01-16.jpg,happy
03-01-03-02-02-01-17.jpg,happy
03-01-03-02-02-01-18.jpg,happy
03-01-03-02-02-01-19.jpg,happy
03-01-03-02-02-01-20.jpg,happy
03-01-03-02-02-01-21.jpg,happy
03-01-03-02-02-01-22.jpg,happy
03-01-03-02-02-01-23.jpg,happy
03-01-03-02-02-01-24.jpg,happy
03-01-03-02-02-02-01.jpg,happy
03-01-03-02-02-02-02.jpg,happy
03-01-03-02-02-02-03.jpg,happy
03-01-03-02-02-02-04.jpg,happy
03-01-03-02-02-02-05.jpg,happy
03-01-03-02-02-02-06.jpg,happy
03-01-03-02-02-02-07.jpg,happy
03-01-03-02-02-02-08.jpg,happy
03-01-03-02-02-02-09.jpg,happy
03-01-03-02-02-02-10.jpg,happy
03-01-03-02-02-02-11.jpg,happy
03-01-03-02-02-02-12.jpg,happy
03-01-03-02-02-02-13.jpg,happy
03-01-03-02-02-02-14.jpg,happy
03-01-03-02-02-02-15.jpg,happy
03-01-03-02-02-02-16.jpg,happy
03-01-03-02-02-02-17.jpg,happy
03-01-03-02-02-02-18.jpg,happy
03-01-03-02-02-02-19.jpg,happy
03-01-03-02-02-02-20.jpg,happy
03-01-03-02-02-02-21.jpg,happy
03-01-03-02-02-02-22.jpg,happy
03-01-03-02-02-02-23.jpg,happy
03-01-03-02-02-02-24.jpg,happy
03-01-04-01-01-01-01.jpg,sad
03-01-04-01-01-01-02.jpg,sad
03-01-04-01-01-01-03.jpg,sad
03-01-04-01-01-01-04.jpg,sad
03-01-04-01-01-01-05.jpg,sad
03-01-04-01-01-01-06.jpg,sad
03-01-04-01-01-01-07.jpg,sad
03-01-04-01-01-01-08.jpg,sad
03-01-04-01-01-01-09.jpg,sad
03-01-04-01-01-01-10.jpg,sad
03-01-04-01-01-01-11.jpg,sad
03-01-04-01-01-01-12.jpg,sad
03-01-04-01-01-01-13.jpg,sad
03-01-04-01-01-01-14.jpg,sad
03-01-04-01-01-01-15.jpg,sad
03-01-04-01-01-01-16.jpg,sad
03-01-04-01-01-01-17.jpg,sad
03-01-04-01-01-01-18.jpg,sad
03-01-04-01-01-01-19.jpg,sad
03-01-04-01-01-01-20.jpg,sad
03-01-04-01-01-01-21.jpg,sad
03-01-04-01-01-01-22.jpg,sad
03-01-04-01-01-01-23.jpg,sad
03-01-04-01-01-01-24.jpg,sad
03-01-04-01-01-02-01.jpg,sad
03-01-04-01-01-02-02.jpg,sad
03-01-04-01-01-02-03.jpg,sad
03-01-04-01-01-02-04.jpg,sad
03-01-04-01-01-02-05.jpg,sad
03-01-04-01-01-02-06.jpg,sad
03-01-04-01-01-02-07.jpg,sad
03-01-04-01-01-02-08.jpg,sad
03-01-04-01-01-02-09.jpg,sad
03-01-04-01-01-02-10.jpg,sad
03-01-04-01-01-02-11.jpg,sad
03-01-04-01-01-02-12.jpg,sad
03-01-04-01-01-02-13.jpg,sad
03-01-04-01-01-02-14.jpg,sad
03-01-04-01-01-02-15.jpg,sad
03-01-04-01-01-02-16.jpg,sad
03-01-04-01-01-02-17.jpg,sad
03-01-04-01-01-02-18.jpg,sad
03-01-04-01-01-02-19.jpg,sad
03-01-04-01-01-02-20.jpg,sad
03-01-04-01-01-02-21.jpg,sad
03-01-04-01-01-02-22.jpg,sad
03-01-04-01-01-02-23.jpg,sad
03-01-04-01-01-02-24.jpg,sad
03-01-04-01-02-01-01.jpg,sad
03-01-04-01-02-01-02.jpg,sad
03-01-04-01-02-01-03.jpg,sad
03-01-04-01-02-01-04.jpg,sad
03-01-04-01-02-01-05.jpg,sad
03-01-04-01-02-01-06.jpg,sad
03-01-04-01-02-01-07.jpg,sad
03-01-04-01-02-01-08.jpg,sad
03-01-04-01-02-01-09.jpg,sad
03-01-04-01-02-01-10.jpg,sad
03-01-04-01-02-01-11.jpg,sad
03-01-04-01-02-01-12.jpg,sad
03-01-04-01-02-01-13.jpg,sad
03-01-04-01-02-01-14.jpg,sad
03-01-04-01-02-01-15.jpg,sad
03-01-04-01-02-01-16.jpg,sad
03-01-04-01-02-01-17.jpg,sad
03-01-04-01-02-01-18.jpg,sad
03-01-04-01-02-01-19.jpg,sad
03-01-04-01-02-01-20.jpg,sad
03-01-04-01-02-01-21.jpg,sad
03-01-04-01-02-01-22.jpg,sad
03-01-04-01-02-01-23.jpg,sad
03-01-04-01-02-01-24.jpg,sad
03-01-04-01-02-02-01.jpg,sad
03-01-04-01-02-02-02.jpg,sad
03-01-04-01-02-02-03.jpg,sad
03-01-04-01-02-02-04.jpg,sad
03-01-04-01-02-02-05.jpg,sad
03-01-04-01-02-02-06.jpg,sad
03-01-04-01-02-02-07.jpg,sad
03-01-04-01-02-02-08.jpg,sad
03-01-04-01-02-02-09.jpg,sad
03-01-04-01-02-02-10.jpg,sad
03-01-04-01-02-02-11.jpg,sad
03-01-04-01-02-02-12.jpg,sad
03-01-04-01-02-02-13.jpg,sad
03-01-04-01-02-02-14.jpg,sad
03-01-04-01-02-02-15.jpg,sad
03-01-04-01-02-02-16.jpg,sad
03-01-04-01-02-02-17.jpg,sad
03-01-04-01-02-02-18.jpg,sad
03-01-04-01-02-02-19.jpg,sad
03-01-04-01-02-02-20.jpg,sad
03-01-04-01-02-02-21.jpg,sad
03-01-04-01-02-02-22.jpg,sad
03-01-04-01-02-02-23.jpg,sad
03-01-04-01-02-02-24.jpg,sad
03-01-04-02-01-01-01.jpg,sad
03-01-04-02-01-01-02.jpg,sad
03-01-04-02-01-01-03.jpg,sad
03-01-04-02-01-01-04.jpg,sad
03-01-04-02-01-01-05.jpg,sad
03-01-04-02-01-01-06.jpg,sad
03-01-04-02-01-01-07.jpg,sad
03-01-04-02-01-01-08.jpg,sad
03-01-04-02-01-01-09.jpg,sad
03-01-04-02-01-01-10.jpg,sad
03-01-04-02-01-01-11.jpg,sad
03-01-04-02-01-01-12.jpg,sad
03-01-04-02-01-01-13.jpg,sad
03-01-04-02-01-01-14.jpg,sad
03-01-04-02-01-01-15.jpg,sad
03-01-04-02-01-01-16.jpg,sad
03-01-04-02-01-01-17.jpg,sad
03-01-04-02-01-01-18.jpg,sad
03-01-04-02-01-01-19.jpg,sad
03-01-04-02-01-01-20.jpg,sad
03-01-04-02-01-01-21.jpg,sad
03-01-04-02-01-01-22.jpg,sad
03-01-04-02-01-01-23.jpg,sad
03-01-04-02-01-01-24.jpg,sad
03-01-04-02-01-02-01.jpg,sad
03-01-04-02-01-02-02.jpg,sad
03-01-04-02-01-02-03.jpg,sad
03-01-04-02-01-02-04.jpg,sad
03-01-04-02-01-02-05.jpg,sad
03-01-04-02-01-02-06.jpg,sad
03-01-04-02-01-02-07.jpg,sad
03-01-04-02-01-02-08.jpg,sad
03-01-04-02-01-02-09.jpg,sad
03-01-04-02-01-02-10.jpg,sad
03-01-04-02-01-02-11.jpg,sad
03-01-04-02-01-02-12.jpg,sad
03-01-04-02-01-02-13.jpg,sad
03-01-04-02-01-02-14.jpg,sad
03-01-04-02-01-02-15.jpg,sad
03-01-04-02-01-02-16.jpg,sad
03-01-04-02-01-02-17.jpg,sad
03-01-04-02-01-02-18.jpg,sad
03-01-04-02-01-02-19.jpg,sad
03-01-04-02-01-02-20.jpg,sad
03-01-04-02-01-02-21.jpg,sad
03-01-04-02-01-02-22.jpg,sad
03-01-04-02-01-02-23.jpg,sad
03-01-04-02-01-02-24.jpg,sad
03-01-04-02-02-01-01.jpg,sad
03-01-04-02-02-01-02.jpg,sad
03-01-04-02-02-01-03.jpg,sad
03-01-04-02-02-01-04.jpg,sad
03-01-04-02-02-01-05.jpg,sad
03-01-04-02-02-01-06.jpg,sad
03-01-04-02-02-01-07.jpg,sad
03-01-04-02-02-01-08.jpg,sad
03-01-04-02-02-01-09.jpg,sad
03-01-04-02-02-01-10.jpg,sad
03-01-04-02-02-01-11.jpg,sad
03-01-04-02-02-01-12.jpg,sad
03-01-04-02-02-01-13.jpg,sad
03-01-04-02-02-01-14.jpg,sad
03-01-04-02-02-01-15.jpg,sad
03-01-04-02-02-01-16.jpg,sad
03-01-04-02-02-01-17.jpg,sad
03-01-04-02-02-01-18.jpg,sad
03-01-04-02-02-01-19.jpg,sad
03-01-04-02-02-01-20.jpg,sad
03-01-04-02-02-01-21.jpg,sad
03-01-04-02-02-01-22.jpg,sad
03-01-04-02-02-01-23.jpg,sad
03-01-04-02-02-01-24.jpg,sad
03-01-04-02-02-02-01.jpg,sad
03-01-04-02-02-02-02.jpg,sad
03-01-04-02-02-02-03.jpg,sad
03-01-04-02-02-02-04.jpg,sad
03-01-04-02-02-02-05.jpg,sad
03-01-04-02-02-02-06.jpg,sad
03-01-04-02-02-02-07.jpg,sad
03-01-04-02-02-02-08.jpg,sad
03-01-04-02-02-02-09.jpg,sad
03-01-04-02-02-02-10.jpg,sad
03-01-04-02-02-02-11.jpg,sad
03-01-04-02-02-02-12.jpg,sad
03-01-04-02-02-02-13.jpg,sad
03-01-04-02-02-02-14.jpg,sad
03-01-04-02-02-02-15.jpg,sad
03-01-04-02-02-02-16.jpg,sad
03-01-04-02-02-02-17.jpg,sad
03-01-04-02-02-02-18.jpg,sad
03-01-04-02-02-02-19.jpg,sad
03-01-04-02-02-02-20.jpg,sad
03-01-04-02-02-02-21.jpg,sad
03-01-04-02-02-02-22.jpg,sad
03-01-04-02-02-02-23.jpg,sad
03-01-04-02-02-02-24.jpg,sad
03-01-05-01-01-01-01.jpg,angry
03-01-05-01-01-01-02.jpg,angry
03-01-05-01-01-01-03.jpg,angry
03-01-05-01-01-01-04.jpg,angry
03-01-05-01-01-01-05.jpg,angry
03-01-05-01-01-01-06.jpg,angry
03-01-05-01-01-01-07.jpg,angry
03-01-05-01-01-01-08.jpg,angry
03-01-05-01-01-01-09.jpg,angry
03-01-05-01-01-01-10.jpg,angry
03-01-05-01-01-01-11.jpg,angry
03-01-05-01-01-01-12.jpg,angry
03-01-05-01-01-01-13.jpg,angry
03-01-05-01-01-01-14.jpg,angry
03-01-05-01-01-01-15.jpg,angry
03-01-05-01-01-01-16.jpg,angry
03-01-05-01-01-01-17.jpg,angry
03-01-05-01-01-01-18.jpg,angry
03-01-05-01-01-01-19.jpg,angry
03-01-05-01-01-01-20.jpg,angry
03-01-05-01-01-01-21.jpg,angry
03-01-05-01-01-01-22.jpg,angry
03-01-05-01-01-01-23.jpg,angry
03-01-05-01-01-01-24.jpg,angry
03-01-05-01-01-02-01.jpg,angry
03-01-05-01-01-02-02.jpg,angry
03-01-05-01-01-02-03.jpg,angry
03-01-05-01-01-02-04.jpg,angry
03-01-05-01-01-02-05.jpg,angry
03-01-05-01-01-02-06.jpg,angry
03-01-05-01-01-02-07.jpg,angry
03-01-05-01-01-02-08.jpg,angry
03-01-05-01-01-02-09.jpg,angry
03-01-05-01-01-02-10.jpg,angry
03-01-05-01-01-02-11.jpg,angry
03-01-05-01-01-02-12.jpg,angry
03-01-05-01-01-02-13.jpg,angry
03-01-05-01-01-02-14.jpg,angry
03-01-05-01-01-02-15.jpg,angry
03-01-05-01-01-02-16.jpg,angry
03-01-05-01-01-02-17.jpg,angry
03-01-05-01-01-02-18.jpg,angry
03-01-05-01-01-02-19.jpg,angry
03-01-05-01-01-02-20.jpg,angry
03-01-05-01-01-02-21.jpg,angry
03-01-05-01-01-02-22.jpg,angry
03-01-05-01-01-02-23.jpg,angry
03-01-05-01-01-02-24.jpg,angry
03-01-05-01-02-01-01.jpg,angry
03-01-05-01-02-01-02.jpg,angry
03-01-05-01-02-01-03.jpg,angry
03-01-05-01-02-01-04.jpg,angry
03-01-05-01-02-01-05.jpg,angry
03-01-05-01-02-01-06.jpg,angry
03-01-05-01-02-01-07.jpg,angry
03-01-05-01-02-01-08.jpg,angry
03-01-05-01-02-01-09.jpg,angry
03-01-05-01-02-01-10.jpg,angry
03-01-05-01-02-01-11.jpg,angry
03-01-05-01-02-01-12.jpg,angry
03-01-05-01-02-01-13.jpg,angry
03-01-05-01-02-01-14.jpg,angry
03-01-05-01-02-01-15.jpg,angry
03-01-05-01-02-01-16.jpg,angry
03-01-05-01-02-01-17.jpg,angry
03-01-05-01-02-01-18.jpg,angry
03-01-05-01-02-01-19.jpg,angry
03-01-05-01-02-01-20.jpg,angry
03-01-05-01-02-01-21.jpg,angry
03-01-05-01-02-01-22.jpg,angry
03-01-05-01-02-01-23.jpg,angry
03-01-05-01-02-01-24.jpg,angry
03-01-05-01-02-02-01.jpg,angry
03-01-05-01-02-02-02.jpg,angry
03-01-05-01-02-02-03.jpg,angry
03-01-05-01-02-02-04.jpg,angry
03-01-05-01-02-02-05.jpg,angry
03-01-05-01-02-02-06.jpg,angry
03-01-05-01-02-02-07.jpg,angry
03-01-05-01-02-02-08.jpg,angry
03-01-05-01-02-02-09.jpg,angry
03-01-05-01-02-02-10.jpg,angry
03-01-05-01-02-02-11.jpg,angry
03-01-05-01-02-02-12.jpg,angry
03-01-05-01-02-02-13.jpg,angry
03-01-05-01-02-02-14.jpg,angry
03-01-05-01-02-02-15.jpg,angry
03-01-05-01-02-02-16.jpg,angry
03-01-05-01-02-02-17.jpg,angry
03-01-05-01-02-02-18.jpg,angry
03-01-05-01-02-02-19.jpg,angry
03-01-05-01-02-02-20.jpg,angry
03-01-05-01-02-02-21.jpg,angry
03-01-05-01-02-02-22.jpg,angry
03-01-05-01-02-02-23.jpg,angry
03-01-05-01-02-02-24.jpg,angry
03-01-05-02-01-01-01.jpg,angry
03-01-05-02-01-01-02.jpg,angry
03-01-05-02-01-01-03.jpg,angry
03-01-05-02-01-01-04.jpg,angry
03-01-05-02-01-01-05.jpg,angry
03-01-05-02-01-01-06.jpg,angry
03-01-05-02-01-01-07.jpg,angry
03-01-05-02-01-01-08.jpg,angry
03-01-05-02-01-01-09.jpg,angry
03-01-05-02-01-01-10.jpg,angry
03-01-05-02-01-01-11.jpg,angry
03-01-05-02-01-01-12.jpg,angry
03-01-05-02-01-01-13.jpg,angry
03-01-05-02-01-01-14.jpg,angry
03-01-05-02-01-01-15.jpg,angry
03-01-05-02-01-01-16.jpg,angry
03-01-05-02-01-01-17.jpg,angry
03-01-05-02-01-01-18.jpg,angry
03-01-05-02-01-01-19.jpg,angry
03-01-05-02-01-01-20.jpg,angry
03-01-05-02-01-01-21.jpg,angry
03-01-05-02-01-01-22.jpg,angry
03-01-05-02-01-01-23.jpg,angry
03-01-05-02-01-01-24.jpg,angry
03-01-05-02-01-02-01.jpg,angry
03-01-05-02-01-02-02.jpg,angry
03-01-05-02-01-02-03.jpg,angry
03-01-05-02-01-02-04.jpg,angry
03-01-05-02-01-02-05.jpg,angry
03-01-05-02-01-02-06.jpg,angry
03-01-05-02-01-02-07.jpg,angry
03-01-05-02-01-02-08.jpg,angry
03-01-05-02-01-02-09.jpg,angry
03-01-05-02-01-02-10.jpg,angry
03-01-05-02-01-02-11.jpg,angry
03-01-05-02-01-02-12.jpg,angry
03-01-05-02-01-02-13.jpg,angry
03-01-05-02-01-02-14.jpg,angry
03-01-05-02-01-02-15.jpg,angry
03-01-05-02-01-02-16.jpg,angry
03-01-05-02-01-02-17.jpg,angry
03-01-05-02-01-02-18.jpg,angry
03-01-05-02-01-02-19.jpg,angry
03-01-05-02-01-02-20.jpg,angry
03-01-05-02-01-02-21.jpg,angry
03-01-05-02-01-02-22.jpg,angry
03-01-05-02-01-02-23.jpg,angry
03-01-05-02-01-02-24.jpg,angry
03-01-05-02-02-01-01.jpg,angry
03-01-05-02-02-01-02.jpg,angry
03-01-05-02-02-01-03.jpg,angry
03-01-05-02-02-01-04.jpg,angry
03-01-05-02-02-01-05.jpg,angry
03-01-05-02-02-01-06.jpg,angry
03-01-05-02-02-01-07.jpg,angry
03-01-05-02-02-01-08.jpg,angry
03-01-05-02-02-01-09.jpg,angry
03-01-05-02-02-01-10.jpg,angry
03-01-05-02-02-01-11.jpg,angry
03-01-05-02-02-01-12.jpg,angry
03-01-05-02-02-01-13.jpg,angry
03-01-05-02-02-01-14.jpg,angry
03-01-05-02-02-01-15.jpg,angry
03-01-05-02-02-01-16.jpg,angry
03-01-05-02-02-01-17.jpg,angry
03-01-05-02-02-01-18.jpg,angry
03-01-05-02-02-01-19.jpg,angry
03-01-05-02-02-01-20.jpg,angry
03-01-05-02-02-01-21.jpg,angry
03-01-05-02-02-01-22.jpg,angry
03-01-05-02-02-01-23.jpg,angry
03-01-05-02-02-01-24.jpg,angry
03-01-05-02-02-02-01.jpg,angry
03-01-05-02-02-02-02.jpg,angry
03-01-05-02-02-02-03.jpg,angry
03-01-05-02-02-02-04.jpg,angry
03-01-05-02-02-02-05.jpg,angry
03-01-05-02-02-02-06.jpg,angry
03-01-05-02-02-02-07.jpg,angry
03-01-05-02-02-02-08.jpg,angry
03-01-05-02-02-02-09.jpg,angry
03-01-05-02-02-02-10.jpg,angry
03-01-05-02-02-02-11.jpg,angry
03-01-05-02-02-02-12.jpg,angry
03-01-05-02-02-02-13.jpg,angry
03-01-05-02-02-02-14.jpg,angry
03-01-05-02-02-02-15.jpg,angry
03-01-05-02-02-02-16.jpg,angry
03-01-05-02-02-02-17.jpg,angry
03-01-05-02-02-02-18.jpg,angry
03-01-05-02-02-02-19.jpg,angry
03-01-05-02-02-02-20.jpg,angry
03-01-05-02-02-02-21.jpg,angry
03-01-05-02-02-02-22.jpg,angry
03-01-05-02-02-02-23.jpg,angry
03-01-05-02-02-02-24.jpg,angry
03-01-06-01-01-01-01.jpg,fearful
03-01-06-01-01-01-02.jpg,fearful
03-01-06-01-01-01-03.jpg,fearful
03-01-06-01-01-01-04.jpg,fearful
03-01-06-01-01-01-05.jpg,fearful
03-01-06-01-01-01-06.jpg,fearful
03-01-06-01-01-01-07.jpg,fearful
03-01-06-01-01-01-08.jpg,fearful
03-01-06-01-01-01-09.jpg,fearful
03-01-06-01-01-01-10.jpg,fearful
03-01-06-01-01-01-11.jpg,fearful
03-01-06-01-01-01-12.jpg,fearful
03-01-06-01-01-01-13.jpg,fearful
03-01-06-01-01-01-14.jpg,fearful
03-01-06-01-01-01-15.jpg,fearful
03-01-06-01-01-01-16.jpg,fearful
03-01-06-01-01-01-17.jpg,fearful
03-01-06-01-01-01-18.jpg,fearful
03-01-06-01-01-01-19.jpg,fearful
03-01-06-01-01-01-20.jpg,fearful
03-01-06-01-01-01-21.jpg,fearful
03-01-06-01-01-01-22.jpg,fearful
03-01-06-01-01-01-23.jpg,fearful
03-01-06-01-01-01-24.jpg,fearful
03-01-06-01-01-02-01.jpg,fearful
03-01-06-01-01-02-02.jpg,fearful
03-01-06-01-01-02-03.jpg,fearful
03-01-06-01-01-02-04.jpg,fearful
03-01-06-01-01-02-05.jpg,fearful
03-01-06-01-01-02-06.jpg,fearful
03-01-06-01-01-02-07.jpg,fearful
03-01-06-01-01-02-08.jpg,fearful
03-01-06-01-01-02-09.jpg,fearful
03-01-06-01-01-02-10.jpg,fearful
03-01-06-01-01-02-11.jpg,fearful
03-01-06-01-01-02-12.jpg,fearful
03-01-06-01-01-02-13.jpg,fearful
03-01-06-01-01-02-14.jpg,fearful
03-01-06-01-01-02-15.jpg,fearful
03-01-06-01-01-02-16.jpg,fearful
03-01-06-01-01-02-17.jpg,fearful
03-01-06-01-01-02-18.jpg,fearful
03-01-06-01-01-02-19.jpg,fearful
03-01-06-01-01-02-20.jpg,fearful
03-01-06-01-01-02-21.jpg,fearful
03-01-06-01-01-02-22.jpg,fearful
03-01-06-01-01-02-23.jpg,fearful
03-01-06-01-01-02-24.jpg,fearful
03-01-06-01-02-01-01.jpg,fearful
03-01-06-01-02-01-02.jpg,fearful
03-01-06-01-02-01-03.jpg,fearful
03-01-06-01-02-01-04.jpg,fearful
03-01-06-01-02-01-05.jpg,fearful
03-01-06-01-02-01-06.jpg,fearful
03-01-06-01-02-01-07.jpg,fearful
03-01-06-01-02-01-08.jpg,fearful
03-01-06-01-02-01-09.jpg,fearful
03-01-06-01-02-01-10.jpg,fearful
03-01-06-01-02-01-11.jpg,fearful
03-01-06-01-02-01-12.jpg,fearful
03-01-06-01-02-01-13.jpg,fearful
03-01-06-01-02-01-14.jpg,fearful
03-01-06-01-02-01-15.jpg,fearful
03-01-06-01-02-01-16.jpg,fearful
03-01-06-01-02-01-17.jpg,fearful
03-01-06-01-02-01-18.jpg,fearful
03-01-06-01-02-01-19.jpg,fearful
03-01-06-01-02-01-20.jpg,fearful
03-01-06-01-02-01-21.jpg,fearful
03-01-06-01-02-01-22.jpg,fearful
03-01-06-01-02-01-23.jpg,fearful
03-01-06-01-02-01-24.jpg,fearful
03-01-06-01-02-02-01.jpg,fearful
03-01-06-01-02-02-02.jpg,fearful
03-01-06-01-02-02-03.jpg,fearful
03-01-06-01-02-02-04.jpg,fearful
03-01-06-01-02-02-05.jpg,fearful
03-01-06-01-02-02-06.jpg,fearful
03-01-06-01-02-02-07.jpg,fearful
03-01-06-01-02-02-08.jpg,fearful
03-01-06-01-02-02-09.jpg,fearful
03-01-06-01-02-02-10.jpg,fearful
03-01-06-01-02-02-11.jpg,fearful
03-01-06-01-02-02-12.jpg,fearful
03-01-06-01-02-02-13.jpg,fearful
03-01-06-01-02-02-14.jpg,fearful
03-01-06-01-02-02-15.jpg,fearful
03-01-06-01-02-02-16.jpg,fearful
03-01-06-01-02-02-17.jpg,fearful
03-01-06-01-02-02-18.jpg,fearful
03-01-06-01-02-02-19.jpg,fearful
03-01-06-01-02-02-20.jpg,fearful
03-01-06-01-02-02-21.jpg,fearful
03-01-06-01-02-02-22.jpg,fearful
03-01-06-01-02-02-23.jpg,fearful
03-01-06-01-02-02-24.jpg,fearful
03-01-06-02-01-01-01.jpg,fearful
03-01-06-02-01-01-02.jpg,fearful
03-01-06-02-01-01-03.jpg,fearful
03-01-06-02-01-01-04.jpg,fearful
03-01-06-02-01-01-05.jpg,fearful
03-01-06-02-01-01-06.jpg,fearful
03-01-06-02-01-01-07.jpg,fearful
03-01-06-02-01-01-08.jpg,fearful
03-01-06-02-01-01-09.jpg,fearful
03-01-06-02-01-01-10.jpg,fearful
03-01-06-02-01-01-11.jpg,fearful
03-01-06-02-01-01-12.jpg,fearful
03-01-06-02-01-01-13.jpg,fearful
03-01-06-02-01-01-14.jpg,fearful
03-01-06-02-01-01-15.jpg,fearful
03-01-06-02-01-01-16.jpg,fearful
03-01-06-02-01-01-17.jpg,fearful
03-01-06-02-01-01-18.jpg,fearful
03-01-06-02-01-01-19.jpg,fearful
03-01-06-02-01-01-20.jpg,fearful
03-01-06-02-01-01-21.jpg,fearful
03-01-06-02-01-01-22.jpg,fearful
03-01-06-02-01-01-23.jpg,fearful
03-01-06-02-01-01-24.jpg,fearful
03-01-06-02-01-02-01.jpg,fearful
03-01-06-02-01-02-02.jpg,fearful
03-01-06-02-01-02-03.jpg,fearful
03-01-06-02-01-02-04.jpg,fearful
03-01-06-02-01-02-05.jpg,fearful
03-01-06-02-01-02-06.jpg,fearful
03-01-06-02-01-02-07.jpg,fearful
03-01-06-02-01-02-08.jpg,fearful
03-01-06-02-01-02-09.jpg,fearful
03-01-06-02-01-02-10.jpg,fearful
03-01-06-02-01-02-11.jpg,fearful
03-01-06-02-01-02-12.jpg,fearful
03-01-06-02-01-02-13.jpg,fearful
03-01-06-02-01-02-14.jpg,fearful
03-01-06-02-01-02-15.jpg,fearful
03-01-06-02-01-02-16.jpg,fearful
03-01-06-02-01-02-17.jpg,fearful
03-01-06-02-01-02-18.jpg,fearful
03-01-06-02-01-02-19.jpg,fearful
03-01-06-02-01-02-20.jpg,fearful
03-01-06-02-01-02-21.jpg,fearful
03-01-06-02-01-02-22.jpg,fearful
03-01-06-02-01-02-23.jpg,fearful
03-01-06-02-01-02-24.jpg,fearful
03-01-06-02-02-01-01.jpg,fearful
03-01-06-02-02-01-02.jpg,fearful
03-01-06-02-02-01-03.jpg,fearful
03-01-06-02-02-01-04.jpg,fearful
03-01-06-02-02-01-05.jpg,fearful
03-01-06-02-02-01-06.jpg,fearful
03-01-06-02-02-01-07.jpg,fearful
03-01-06-02-02-01-08.jpg,fearful
03-01-06-02-02-01-09.jpg,fearful
03-01-06-02-02-01-10.jpg,fearful
03-01-06-02-02-01-11.jpg,fearful
03-01-06-02-02-01-12.jpg,fearful
03-01-06-02-02-01-13.jpg,fearful
03-01-06-02-02-01-14.jpg,fearful
03-01-06-02-02-01-15.jpg,fearful
03-01-06-02-02-01-16.jpg,fearful
03-01-06-02-02-01-17.jpg,fearful
03-01-06-02-02-01-18.jpg,fearful
03-01-06-02-02-01-19.jpg,fearful
03-01-06-02-02-01-20.jpg,fearful
03-01-06-02-02-01-21.jpg,fearful
03-01-06-02-02-01-22.jpg,fearful
03-01-06-02-02-01-23.jpg,fearful
03-01-06-02-02-01-24.jpg,fearful
03-01-06-02-02-02-01.jpg,fearful
03-01-06-02-02-02-02.jpg,fearful
03-01-06-02-02-02-03.jpg,fearful
03-01-06-02-02-02-04.jpg,fearful
03-01-06-02-02-02-05.jpg,fearful
03-01-06-02-02-02-06.jpg,fearful
03-01-06-02-02-02-07.jpg,fearful
03-01-06-02-02-02-08.jpg,fearful
03-01-06-02-02-02-09.jpg,fearful
03-01-06-02-02-02-10.jpg,fearful
03-01-06-02-02-02-11.jpg,fearful
03-01-06-02-02-02-12.jpg,fearful
03-01-06-02-02-02-13.jpg,fearful
03-01-06-02-02-02-14.jpg,fearful
03-01-06-02-02-02-15.jpg,fearful
03-01-06-02-02-02-16.jpg,fearful
03-01-06-02-02-02-17.jpg,fearful
03-01-06-02-02-02-18.jpg,fearful
03-01-06-02-02-02-19.jpg,fearful
03-01-06-02-02-02-20.jpg,fearful
03-01-06-02-02-02-21.jpg,fearful
03-01-06-02-02-02-22.jpg,fearful
03-01-06-02-02-02-23.jpg,fearful
03-01-06-02-02-02-24.jpg,fearful
03-01-07-01-01-01-01.jpg,disgust
03-01-07-01-01-01-02.jpg,disgust
03-01-07-01-01-01-03.jpg,disgust
03-01-07-01-01-01-04.jpg,disgust
03-01-07-01-01-01-05.jpg,disgust
03-01-07-01-01-01-06.jpg,disgust
03-01-07-01-01-01-07.jpg,disgust
03-01-07-01-01-01-08.jpg,disgust
03-01-07-01-01-01-09.jpg,disgust
03-01-07-01-01-01-10.jpg,disgust
03-01-07-01-01-01-11.jpg,disgust
03-01-07-01-01-01-12.jpg,disgust
03-01-07-01-01-01-13.jpg,disgust
03-01-07-01-01-01-14.jpg,disgust
03-01-07-01-01-01-15.jpg,disgust
03-01-07-01-01-01-16.jpg,disgust
03-01-07-01-01-01-17.jpg,disgust
03-01-07-01-01-01-18.jpg,disgust
03-01-07-01-01-01-19.jpg,disgust
03-01-07-01-01-01-20.jpg,disgust
03-01-07-01-01-01-21.jpg,disgust
03-01-07-01-01-01-22.jpg,disgust
03-01-07-01-01-01-23.jpg,disgust
03-01-07-01-01-01-24.jpg,disgust
03-01-07-01-01-02-01.jpg,disgust
03-01-07-01-01-02-02.jpg,disgust
03-01-07-01-01-02-03.jpg,disgust
03-01-07-01-01-02-04.jpg,disgust
03-01-07-01-01-02-05.jpg,disgust
03-01-07-01-01-02-06.jpg,disgust
03-01-07-01-01-02-07.jpg,disgust
03-01-07-01-01-02-08.jpg,disgust
03-01-07-01-01-02-09.jpg,disgust
03-01-07-01-01-02-10.jpg,disgust
03-01-07-01-01-02-11.jpg,disgust
03-01-07-01-01-02-12.jpg,disgust
03-01-07-01-01-02-13.jpg,disgust
03-01-07-01-01-02-14.jpg,disgust
03-01-07-01-01-02-15.jpg,disgust
03-01-07-01-01-02-16.jpg,disgust
03-01-07-01-01-02-17.jpg,disgust
03-01-07-01-01-02-18.jpg,disgust
03-01-07-01-01-02-19.jpg,disgust
03-01-07-01-01-02-20.jpg,disgust
03-01-07-01-01-02-21.jpg,disgust
03-01-07-01-01-02-22.jpg,disgust
03-01-07-01-01-02-23.jpg,disgust
03-01-07-01-01-02-24.jpg,disgust
03-01-07-01-02-01-01.jpg,disgust
03-01-07-01-02-01-02.jpg,disgust
03-01-07-01-02-01-03.jpg,disgust
03-01-07-01-02-01-04.jpg,disgust
03-01-07-01-02-01-05.jpg,disgust
03-01-07-01-02-01-06.jpg,disgust
03-01-07-01-02-01-07.jpg,disgust
03-01-07-01-02-01-08.jpg,disgust
03-01-07-01-02-01-09.jpg,disgust
03-01-07-01-02-01-10.jpg,disgust
03-01-07-01-02-01-11.jpg,disgust
03-01-07-01-02-01-12.jpg,disgust
03-01-07-01-02-01-13.jpg,disgust
03-01-07-01-02-01-14.jpg,disgust
03-01-07-01-02-01-15.jpg,disgust
03-01-07-01-02-01-16.jpg,disgust
03-01-07-01-02-01-17.jpg,disgust
03-01-07-01-02-01-18.jpg,disgust
03-01-07-01-02-01-19.jpg,disgust
03-01-07-01-02-01-20.jpg,disgust
03-01-07-01-02-01-21.jpg,disgust
03-01-07-01-02-01-22.jpg,disgust
03-01-07-01-02-01-23.jpg,disgust
03-01-07-01-02-01-24.jpg,disgust
03-01-07-01-02-02-01.jpg,disgust
03-01-07-01-02-02-02.jpg,disgust
03-01-07-01-02-02-03.jpg,disgust
03-01-07-01-02-02-04.jpg,disgust
03-01-07-01-02-02-05.jpg,disgust
03-01-07-01-02-02-06.jpg,disgust
03-01-07-01-02-02-07.jpg,disgust
03-01-07-01-02-02-08.jpg,disgust
03-01-07-01-02-02-09.jpg,disgust
03-01-07-01-02-02-10.jpg,disgust
03-01-07-01-02-02-11.jpg,disgust
03-01-07-01-02-02-12.jpg,disgust
03-01-07-01-02-02-13.jpg,disgust
03-01-07-01-02-02-14.jpg,disgust
03-01-07-01-02-02-15.jpg,disgust
03-01-07-01-02-02-16.jpg,disgust
03-01-07-01-02-02-17.jpg,disgust
03-01-07-01-02-02-18.jpg,disgust
03-01-07-01-02-02-19.jpg,disgust
03-01-07-01-02-02-20.jpg,disgust
03-01-07-01-02-02-21.jpg,disgust
03-01-07-01-02-02-22.jpg,disgust
03-01-07-01-02-02-23.jpg,disgust
03-01-07-01-02-02-24.jpg,disgust
03-01-07-02-01-01-01.jpg,disgust
03-01-07-02-01-01-02.jpg,disgust
03-01-07-02-01-01-03.jpg,disgust
03-01-07-02-01-01-04.jpg,disgust
03-01-07-02-01-01-05.jpg,disgust
03-01-07-02-01-01-06.jpg,disgust
03-01-07-02-01-01-07.jpg,disgust
03-01-07-02-01-01-08.jpg,disgust
03-01-07-02-01-01-09.jpg,disgust
03-01-07-02-01-01-10.jpg,disgust
03-01-07-02-01-01-11.jpg,disgust
03-01-07-02-01-01-12.jpg,disgust
03-01-07-02-01-01-13.jpg,disgust
03-01-07-02-01-01-14.jpg,disgust
03-01-07-02-01-01-15.jpg,disgust
03-01-07-02-01-01-16.jpg,disgust
03-01-07-02-01-01-17.jpg,disgust
03-01-07-02-01-01-18.jpg,disgust
03-01-07-02-01-01-19.jpg,disgust
03-01-07-02-01-01-20.jpg,disgust
03-01-07-02-01-01-21.jpg,disgust
03-01-07-02-01-01-22.jpg,disgust
03-01-07-02-01-01-23.jpg,disgust
03-01-07-02-01-01-24.jpg,disgust
03-01-07-02-01-02-01.jpg,disgust
03-01-07-02-01-02-02.jpg,disgust
03-01-07-02-01-02-03.jpg,disgust
03-01-07-02-01-02-04.jpg,disgust
03-01-07-02-01-02-05.jpg,disgust
03-01-07-02-01-02-06.jpg,disgust
03-01-07-02-01-02-07.jpg,disgust
03-01-07-02-01-02-08.jpg,disgust
03-01-07-02-01-02-09.jpg,disgust
03-01-07-02-01-02-10.jpg,disgust
03-01-07-02-01-02-11.jpg,disgust
03-01-07-02-01-02-12.jpg,disgust
03-01-07-02-01-02-13.jpg,disgust
03-01-07-02-01-02-14.jpg,disgust
03-01-07-02-01-02-15.jpg,disgust
03-01-07-02-01-02-16.jpg,disgust
03-01-07-02-01-02-17.jpg,disgust
03-01-07-02-01-02-18.jpg,disgust
03-01-07-02-01-02-19.jpg,disgust
03-01-07-02-01-02-20.jpg,disgust
03-01-07-02-01-02-21.jpg,disgust
03-01-07-02-01-02-22.jpg,disgust
03-01-07-02-01-02-23.jpg,disgust
03-01-07-02-01-02-24.jpg,disgust
03-01-07-02-02-01-01.jpg,disgust
03-01-07-02-02-01-02.jpg,disgust
03-01-07-02-02-01-03.jpg,disgust
03-01-07-02-02-01-04.jpg,disgust
03-01-07-02-02-01-05.jpg,disgust
03-01-07-02-02-01-06.jpg,disgust
03-01-07-02-02-01-07.jpg,disgust
03-01-07-02-02-01-08.jpg,disgust
03-01-07-02-02-01-09.jpg,disgust
03-01-07-02-02-01-10.jpg,disgust
03-01-07-02-02-01-11.jpg,disgust
03-01-07-02-02-01-12.jpg,disgust
03-01-07-02-02-01-13.jpg,disgust
03-01-07-02-02-01-14.jpg,disgust
03-01-07-02-02-01-15.jpg,disgust
03-01-07-02-02-01-16.jpg,disgust
03-01-07-02-02-01-17.jpg,disgust
03-01-07-02-02-01-18.jpg,disgust
03-01-07-02-02-01-19.jpg,disgust
03-01-07-02-02-01-20.jpg,disgust
03-01-07-02-02-01-21.jpg,disgust
03-01-07-02-02-01-22.jpg,disgust
03-01-07-02-02-01-23.jpg,disgust
03-01-07-02-02-01-24.jpg,disgust
03-01-07-02-02-02-01.jpg,disgust
03-01-07-02-02-02-02.jpg,disgust
03-01-07-02-02-02-03.jpg,disgust
03-01-07-02-02-02-04.jpg,disgust
03-01-07-02-02-02-05.jpg,disgust
03-01-07-02-02-02-06.jpg,disgust
03-01-07-02-02-02-07.jpg,disgust
03-01-07-02-02-02-08.jpg,disgust
03-01-07-02-02-02-09.jpg,disgust
03-01-07-02-02-02-10.jpg,disgust
03-01-07-02-02-02-11.jpg,disgust
03-01-07-02-02-02-12.jpg,disgust
03-01-07-02-02-02-13.jpg,disgust
03-01-07-02-02-02-14.jpg,disgust
03-01-07-02-02-02-15.jpg,disgust
03-01-07-02-02-02-16.jpg,disgust
03-01-07-02-02-02-17.jpg,disgust
03-01-07-02-02-02-18.jpg,disgust
03-01-07-02-02-02-19.jpg,disgust
03-01-07-02-02-02-20.jpg,disgust
03-01-07-02-02-02-21.jpg,disgust
03-01-07-02-02-02-22.jpg,disgust
03-01-07-02-02-02-23.jpg,disgust
03-01-07-02-02-02-24.jpg,disgust
03-01-08-01-01-01-01.jpg,suprised
03-01-08-01-01-01-02.jpg,suprised
03-01-08-01-01-01-03.jpg,suprised
03-01-08-01-01-01-04.jpg,suprised
03-01-08-01-01-01-05.jpg,suprised
03-01-08-01-01-01-06.jpg,suprised
03-01-08-01-01-01-07.jpg,suprised
03-01-08-01-01-01-08.jpg,suprised
03-01-08-01-01-01-09.jpg,suprised
03-01-08-01-01-01-10.jpg,suprised
03-01-08-01-01-01-11.jpg,suprised
03-01-08-01-01-01-12.jpg,suprised
03-01-08-01-01-01-13.jpg,suprised
03-01-08-01-01-01-14.jpg,suprised
03-01-08-01-01-01-15.jpg,suprised
03-01-08-01-01-01-16.jpg,suprised
03-01-08-01-01-01-17.jpg,suprised
03-01-08-01-01-01-18.jpg,suprised
03-01-08-01-01-01-19.jpg,suprised
03-01-08-01-01-01-20.jpg,suprised
03-01-08-01-01-01-21.jpg,suprised
03-01-08-01-01-01-22.jpg,suprised
03-01-08-01-01-01-23.jpg,suprised
03-01-08-01-01-01-24.jpg,suprised
03-01-08-01-01-02-01.jpg,suprised
03-01-08-01-01-02-02.jpg,suprised
03-01-08-01-01-02-03.jpg,suprised
03-01-08-01-01-02-04.jpg,suprised
03-01-08-01-01-02-05.jpg,suprised
03-01-08-01-01-02-06.jpg,suprised
03-01-08-01-01-02-07.jpg,suprised
03-01-08-01-01-02-08.jpg,suprised
03-01-08-01-01-02-09.jpg,suprised
03-01-08-01-01-02-10.jpg,suprised
03-01-08-01-01-02-11.jpg,suprised
03-01-08-01-01-02-12.jpg,suprised
03-01-08-01-01-02-13.jpg,suprised
03-01-08-01-01-02-14.jpg,suprised
03-01-08-01-01-02-15.jpg,suprised
03-01-08-01-01-02-16.jpg,suprised
03-01-08-01-01-02-17.jpg,suprised
03-01-08-01-01-02-18.jpg,suprised
03-01-08-01-01-02-19.jpg,suprised
03-01-08-01-01-02-20.jpg,suprised
03-01-08-01-01-02-21.jpg,suprised
03-01-08-01-01-02-22.jpg,suprised
03-01-08-01-01-02-23.jpg,suprised
03-01-08-01-01-02-24.jpg,suprised
03-01-08-01-02-01-01.jpg,suprised
03-01-08-01-02-01-02.jpg,suprised
03-01-08-01-02-01-03.jpg,suprised
03-01-08-01-02-01-04.jpg,suprised
03-01-08-01-02-01-05.jpg,suprised
03-01-08-01-02-01-06.jpg,suprised
03-01-08-01-02-01-07.jpg,suprised
03-01-08-01-02-01-08.jpg,suprised
03-01-08-01-02-01-09.jpg,suprised
03-01-08-01-02-01-10.jpg,suprised
03-01-08-01-02-01-11.jpg,suprised
03-01-08-01-02-01-12.jpg,suprised
03-01-08-01-02-01-13.jpg,suprised
03-01-08-01-02-01-14.jpg,suprised
03-01-08-01-02-01-15.jpg,suprised
03-01-08-01-02-01-16.jpg,suprised
03-01-08-01-02-01-17.jpg,suprised
03-01-08-01-02-01-18.jpg,suprised
03-01-08-01-02-01-19.jpg,suprised
03-01-08-01-02-01-20.jpg,suprised
03-01-08-01-02-01-21.jpg,suprised
03-01-08-01-02-01-22.jpg,suprised
03-01-08-01-02-01-23.jpg,suprised
03-01-08-01-02-01-24.jpg,suprised
03-01-08-01-02-02-01.jpg,suprised
03-01-08-01-02-02-02.jpg,suprised
03-01-08-01-02-02-03.jpg,suprised
03-01-08-01-02-02-04.jpg,suprised
03-01-08-01-02-02-05.jpg,suprised
03-01-08-01-02-02-06.jpg,suprised
03-01-08-01-02-02-07.jpg,suprised
03-01-08-01-02-02-08.jpg,suprised
03-01-08-01-02-02-09.jpg,suprised
03-01-08-01-02-02-10.jpg,suprised
03-01-08-01-02-02-11.jpg,suprised
03-01-08-01-02-02-12.jpg,suprised
03-01-08-01-02-02-13.jpg,suprised
03-01-08-01-02-02-14.jpg,suprised
03-01-08-01-02-02-15.jpg,suprised
03-01-08-01-02-02-16.jpg,suprised
03-01-08-01-02-02-17.jpg,suprised
03-01-08-01-02-02-18.jpg,suprised
03-01-08-01-02-02-19.jpg,suprised
03-01-08-01-02-02-20.jpg,suprised
03-01-08-01-02-02-21.jpg,suprised
03-01-08-01-02-02-22.jpg,suprised
03-01-08-01-02-02-23.jpg,suprised
03-01-08-01-02-02-24.jpg,suprised
03-01-08-02-01-01-01.jpg,suprised
03-01-08-02-01-01-02.jpg,suprised
03-01-08-02-01-01-03.jpg,suprised
03-01-08-02-01-01-04.jpg,suprised
03-01-08-02-01-01-05.jpg,suprised
03-01-08-02-01-01-06.jpg,suprised
03-01-08-02-01-01-07.jpg,suprised
03-01-08-02-01-01-08.jpg,suprised
03-01-08-02-01-01-09.jpg,suprised
03-01-08-02-01-01-10.jpg,suprised
03-01-08-02-01-01-11.jpg,suprised
03-01-08-02-01-01-12.jpg,suprised
03-01-08-02-01-01-13.jpg,suprised
03-01-08-02-01-01-14.jpg,suprised
03-01-08-02-01-01-15.jpg,suprised
03-01-08-02-01-01-16.jpg,suprised
03-01-08-02-01-01-17.jpg,suprised
03-01-08-02-01-01-18.jpg,suprised
03-01-08-02-01-01-19.jpg,suprised
03-01-08-02-01-01-20.jpg,suprised
03-01-08-02-01-01-21.jpg,suprised
03-01-08-02-01-01-22.jpg,suprised
03-01-08-02-01-01-23.jpg,suprised
03-01-08-02-01-01-24.jpg,suprised
03-01-08-02-01-02-01.jpg,suprised
03-01-08-02-01-02-02.jpg,suprised
03-01-08-02-01-02-03.jpg,suprised
03-01-08-02-01-02-04.jpg,suprised
03-01-08-02-01-02-05.jpg,suprised
03-01-08-02-01-02-06.jpg,suprised
03-01-08-02-01-02-07.jpg,suprised
03-01-08-02-01-02-08.jpg,suprised
03-01-08-02-01-02-09.jpg,suprised
03-01-08-02-01-02-10.jpg,suprised
03-01-08-02-01-02-11.jpg,suprised
03-01-08-02-01-02-12.jpg,suprised
03-01-08-02-01-02-13.jpg,suprised
03-01-08-02-01-02-14.jpg,suprised
03-01-08-02-01-02-15.jpg,suprised
03-01-08-02-01-02-16.jpg,suprised
03-01-08-02-01-02-17.jpg,suprised
03-01-08-02-01-02-18.jpg,suprised
03-01-08-02-01-02-19.jpg,suprised
03-01-08-02-01-02-20.jpg,suprised
03-01-08-02-01-02-21.jpg,suprised
03-01-08-02-01-02-22.jpg,suprised
03-01-08-02-01-02-23.jpg,suprised
03-01-08-02-01-02-24.jpg,suprised
03-01-08-02-02-01-01.jpg,suprised
03-01-08-02-02-01-02.jpg,suprised
03-01-08-02-02-01-03.jpg,suprised
03-01-08-02-02-01-04.jpg,suprised
03-01-08-02-02-01-05.jpg,suprised
03-01-08-02-02-01-06.jpg,suprised
03-01-08-02-02-01-07.jpg,suprised
03-01-08-02-02-01-08.jpg,suprised
03-01-08-02-02-01-09.jpg,suprised
03-01-08-02-02-01-10.jpg,suprised
03-01-08-02-02-01-11.jpg,suprised
03-01-08-02-02-01-12.jpg,suprised
03-01-08-02-02-01-13.jpg,suprised
03-01-08-02-02-01-14.jpg,suprised
03-01-08-02-02-01-15.jpg,suprised
03-01-08-02-02-01-16.jpg,suprised
03-01-08-02-02-01-17.jpg,suprised
03-01-08-02-02-01-18.jpg,suprised
03-01-08-02-02-01-19.jpg,suprised
03-01-08-02-02-01-20.jpg,suprised
03-01-08-02-02-01-21.jpg,suprised
03-01-08-02-02-01-22.jpg,suprised
03-01-08-02-02-01-23.jpg,suprised
03-01-08-02-02-01-24.jpg,suprised
03-01-08-02-02-02-01.jpg,suprised
03-01-08-02-02-02-02.jpg,suprised
03-01-08-02-02-02-03.jpg,suprised
03-01-08-02-02-02-04.jpg,suprised
03-01-08-02-02-02-05.jpg,suprised
03-01-08-02-02-02-06.jpg,suprised
03-01-08-02-02-02-07.jpg,suprised
03-01-08-02-02-02-08.jpg,suprised
03-01-08-02-02-02-09.jpg,suprised
03-01-08-02-02-02-10.jpg,suprised
03-01-08-02-02-02-11.jpg,suprised
03-01-08-02-02-02-12.jpg,suprised
03-01-08-02-02-02-13.jpg,suprised
03-01-08-02-02-02-14.jpg,suprised
03-01-08-02-02-02-15.jpg,suprised
03-01-08-02-02-02-16.jpg,suprised
03-01-08-02-02-02-17.jpg,suprised
03-01-08-02-02-02-18.jpg,suprised
03-01-08-02-02-02-19.jpg,suprised
03-01-08-02-02-02-20.jpg,suprised
03-01-08-02-02-02-21.jpg,suprised
03-01-08-02-02-02-22.jpg,suprised
03-01-08-02-02-02-23.jpg,suprised
03-01-08-02-02-02-24.jpg,suprised
